DEPTH1,DEPTH2,DEPTH3,DEPTH4,DEPTH5,DEPTH6,화면번호
서비스 소개,정보데이터시스템 소개,,,,,
서비스 소개,이용안내,,,,,
서비스 소개,마켓데이터 이용약관,,,,,
서비스 소개,보도자료,,,,,
서비스 소개,공지사항,시장운영 공지,,,,
서비스 소개,공지사항,주가지수 공지,,,,
서비스 소개,공지사항,정보데이터시스템 공지,,,,
통계,기본 통계,지수,주가지수,전체지수 시세,,11001
통계,기본 통계,지수,주가지수,전체지수 등락률,,11002
통계,기본 통계,지수,주가지수,개별지수 시세 추이,,11003
통계,기본 통계,지수,주가지수,전체지수 기본정보,,11004
통계,기본 통계,지수,주가지수,개별지수 종합정보,,11005
통계,기본 통계,지수,주가지수,지수구성종목,,11006
통계,기본 통계,지수,주가지수,PER/PBR/배당수익률,,11007
통계,기본 통계,지수,채권지수,전체지수 시세,,11008
통계,기본 통계,지수,채권지수,개별지수 시세 추이,,11009
통계,기본 통계,지수,파생 및 기타지수,전체지수 시세,,11010
통계,기본 통계,지수,파생 및 기타지수,전체지수 등락률,,11011
통계,기본 통계,지수,파생 및 기타지수,개별지수 시세 추이,,11012
통계,기본 통계,지수,파생 및 기타지수,전체지수 기본정보,,11013
통계,기본 통계,지수,파생 및 기타지수,개별지수 종합정보,,11014
통계,기본 통계,주식,종목시세,전종목 시세,,12001
통계,기본 통계,주식,종목시세,전종목 등락률,,12002
통계,기본 통계,주식,종목시세,개별종목 시세 추이,,12003
통계,기본 통계,주식,종목시세,종목 시세 추이(월/연도),,12004
통계,기본 통계,주식,종목시세,자기주식 제외 시가총액,,12029
통계,기본 통계,주식,종목정보,전종목 기본정보,,12005
통계,기본 통계,주식,종목정보,전종목 지정내역,,12006
통계,기본 통계,주식,종목정보,개별종목 종합정보,,12007
통계,기본 통계,주식,거래실적,투자자별 거래실적,,12008
통계,기본 통계,주식,거래실적,투자자별 거래실적(개별종목),,12009
통계,기본 통계,주식,거래실적,투자자별 순매수상위종목,,12010
통계,기본 통계,주식,거래실적,대량매매(전일),,12011
통계,기본 통계,주식,거래실적,프로그램매매,,12012
통계,기본 통계,주식,기타증권,REITs 시세,,12013
통계,기본 통계,주식,기타증권,뮤추얼펀드 시세,,12014
통계,기본 통계,주식,기타증권,선박투자회사 시세,,12015
통계,기본 통계,주식,기타증권,인프라투융자회사 시세,,12016
통계,기본 통계,주식,기타증권,수익증권 시세,,12017
통계,기본 통계,주식,기타증권,신주인수권증권 시세,,12018
통계,기본 통계,주식,기타증권,신주인수권증서 시세,,12019
통계,기본 통계,주식,세부안내,상장회사 상세검색,,12020
통계,기본 통계,주식,세부안내,PER/PBR/배당수익률(개별종목),,12021
통계,기본 통계,주식,세부안내,외국인보유량 추이,,12022
통계,기본 통계,주식,세부안내,외국인보유량(개별종목),,12023
통계,기본 통계,주식,세부안내,업종별 분포,,12024
통계,기본 통계,주식,세부안내,업종분류 현황,,12025
통계,기본 통계,주식,세부안내,대용가격,주식 대용가,12026
통계,기본 통계,주식,세부안내,대용가격,수익증권 대용가,12027
통계,기본 통계,주식,세부안내,대용가격,뮤추얼펀드 대용가,12028
통계,기본 통계,증권상품,ETF,전종목 시세,,13101
통계,기본 통계,증권상품,ETF,전종목 등락률,,13102
통계,기본 통계,증권상품,ETF,개별종목 시세 추이,,13103
통계,기본 통계,증권상품,ETF,전종목 기본정보,,13104
통계,기본 통계,증권상품,ETF,개별종목 종합정보,,13105
통계,기본 통계,증권상품,ETF,투자자별 거래실적,,13106
통계,기본 통계,증권상품,ETF,투자자별 거래실적(개별종목),,13107
통계,기본 통계,증권상품,ETF,PDF(Portfolio Deposit File),,13108
통계,기본 통계,증권상품,ETF,세부안내,ETF 상세검색,13109
통계,기본 통계,증권상품,ETF,세부안내,액티브ETF 실적,13110
통계,기본 통계,증권상품,ETF,세부안내,액티브ETF 편입자산현황,13111
통계,기본 통계,증권상품,ETF,세부안내,추적오차율 추이,13112
통계,기본 통계,증권상품,ETF,세부안내,괴리율 추이,13113
통계,기본 통계,증권상품,ETF,세부안내,장마감 괴리율 추이,13114
통계,기본 통계,증권상품,ETF,세부안내,합성ETF 거래상대방 위험,13115
통계,기본 통계,증권상품,ETF,세부안내,합성ETF 기초지수 및 담보 관리,13116
통계,기본 통계,증권상품,ETF,세부안내,분기별 LP평가,13117
통계,기본 통계,증권상품,ETN,전종목 시세,,13201
통계,기본 통계,증권상품,ETN,전종목 등락률,,13202
통계,기본 통계,증권상품,ETN,개별종목 시세 추이,,13203
통계,기본 통계,증권상품,ETN,전종목 기본정보,,13204
통계,기본 통계,증권상품,ETN,개별종목 종합정보,,13205
통계,기본 통계,증권상품,ETN,투자자별 거래실적,,13206
통계,기본 통계,증권상품,ETN,투자자별 거래실적(개별종목),,13207
통계,기본 통계,증권상품,ETN,세부안내,ETN 상세검색,13208
통계,기본 통계,증권상품,ETN,세부안내,기초지수 구성종목,13209
통계,기본 통계,증권상품,ETN,세부안내,발행사 신용등급 및 NCR,13210
통계,기본 통계,증권상품,ETN,세부안내,발행사 신용위험지표,13211
통계,기본 통계,증권상품,ETN,세부안내,손실제한ETN 조기상환 조건,13212
통계,기본 통계,증권상품,ETN,세부안내,손실제한ETN 레인지 어크루얼 참고사항,13213
통계,기본 통계,증권상품,ETN,세부안내,괴리율 추이,13214
통계,기본 통계,증권상품,ETN,세부안내,장마감 괴리율 추이,13215
통계,기본 통계,증권상품,ETN,세부안내,월별 LP평가,13216
통계,기본 통계,증권상품,ELW,전종목 시세,,13301
통계,기본 통계,증권상품,ELW,개별종목 시세 추이,,13302
통계,기본 통계,증권상품,ELW,전종목 기본정보,,13303
통계,기본 통계,증권상품,ELW,개별종목 종합정보,,13304
통계,기본 통계,증권상품,ELW,투자자별 거래실적,,13305
통계,기본 통계,증권상품,ELW,기초자산별 거래실적,,13306
통계,기본 통계,증권상품,ELW,세부안내,개별종목 잔존만기현황,13307
통계,기본 통계,증권상품,ELW,세부안내,개별종목 만기손익현황,13308
통계,기본 통계,증권상품,ELW,세부안내,조기종료 접근도,13309
통계,기본 통계,증권상품,ELW,세부안내,조기종료 발생내역,13310
통계,기본 통계,증권상품,ELW,세부안내,기초자산별 상장현황,13311
통계,기본 통계,증권상품,ELW,세부안내,발행사별 상장현황,13312
통계,기본 통계,증권상품,ELW,세부안내,발행사 신용위험지표,13211
통계,기본 통계,증권상품,ELW,세부안내,분기별 LP평가,13313
통계,기본 통계,채권,종목시세,전종목 시세,,14001
통계,기본 통계,채권,종목시세,개별종목 시세 추이,,14002
통계,기본 통계,채권,종목정보,전종목 기본정보,,14003
통계,기본 통계,채권,종목정보,개별종목 종합정보,,14004
통계,기본 통계,채권,거래실적,종류별 거래실적,,14005
통계,기본 통계,채권,거래실적,투자자별 거래실적,,14006
통계,기본 통계,채권,거래실적,국채지표종목 거래실적,,14007
통계,기본 통계,채권,거래실적,Repo 거래실적,,14008
통계,기본 통계,채권,세부안내,개별종목 시가평가 추이,,14009
통계,기본 통계,채권,세부안내,소액채권 신고가격 추이,,14010
통계,기본 통계,채권,세부안내,상장현황,상장채권 상세검색,14011
통계,기본 통계,채권,세부안내,상장현황,상장채권 발행정보,14012
통계,기본 통계,채권,세부안내,상장현황,상장유형별 내역,14013
통계,기본 통계,채권,세부안내,상장현황,상장금액조정 내역,14014
통계,기본 통계,채권,세부안내,상장현황,중도상환,14015
통계,기본 통계,채권,세부안내,상장현황,채권상장폐지,14016
통계,기본 통계,채권,세부안내,채권수익률,장외 채권수익률,14017
통계,기본 통계,채권,세부안내,채권수익률,지표수익률,14018
통계,기본 통계,채권,세부안내,채권수익률,스트립 단기금리,14019
통계,기본 통계,채권,세부안내,대용가격,채권 대용가,14020
통계,기본 통계,채권,세부안내,대용가격,발행기관별 채권 대용가,14021
통계,기본 통계,채권,세부안내,대용가격,유형별 채권 대용가,14022
통계,기본 통계,채권,세부안내,신용등급,발행기관별 신용등급,14023
통계,기본 통계,채권,세부안내,신용등급,신용등급별 상장현황,14024
통계,기본 통계,채권,세부안내,주식관련채권,전환사채 투자지표,14025
통계,기본 통계,채권,세부안내,주식관련채권,주식관련채권 권리행사,14026
통계,기본 통계,채권,세부안내,주식관련채권,주식관련채권 행사가액,14027
통계,기본 통계,파생상품,종목시세,전종목 시세,,15001
통계,기본 통계,파생상품,종목시세,개별종목 시세 추이,,15002
통계,기본 통계,파생상품,종목시세,최근월물 시세 추이(선물),,15003
통계,기본 통계,파생상품,종목시세,최근월물 시세 추이(옵션),,15018
통계,기본 통계,파생상품,종목정보,전종목 기본정보,,15004
통계,기본 통계,파생상품,종목정보,개별종목 종합정보,,15005
통계,기본 통계,파생상품,거래실적,전체상품 거래실적,,15006
통계,기본 통계,파생상품,거래실적,투자자별 거래실적,,15007
통계,기본 통계,파생상품,거래실적,협의대량거래실적 추이,,15008
통계,기본 통계,파생상품,거래실적,기초자산별 거래실적(주식선물/옵션),,15009
통계,기본 통계,파생상품,세부안내,베이시스 추이(선물),,15010
통계,기본 통계,파생상품,세부안내,내재변동성 추이(옵션),,15011
통계,기본 통계,파생상품,세부안내,P/C Ratio 추이(옵션),,15012
통계,기본 통계,파생상품,세부안내,행사가격/만기별 가격표(옵션),,15013
통계,기본 통계,파생상품,세부안내,외부기관지표,돈육시세 동향,15014
통계,기본 통계,파생상품,세부안내,외부기관지표,국제금시세 동향,16207
통계,기본 통계,파생상품,세부안내,투자유의사항,최종결제가격 급변,15015
통계,기본 통계,파생상품,세부안내,투자유의사항,낮은 권리행사 비율,15016
통계,기본 통계,파생상품,세부안내,증거금률 및 산출변수 변경내역,,15017
통계,기본 통계,일반상품,석유,전종목 기본정보,,16101
통계,기본 통계,일반상품,석유,유종별 시세 추이,,16102
통계,기본 통계,일반상품,석유,참가자별 거래실적,,16103
통계,기본 통계,일반상품,석유,세부안내,국내유가(주유소) 동향,16104
통계,기본 통계,일반상품,석유,세부안내,국제유가 동향,16105
통계,기본 통계,일반상품,금,전종목 시세,,16201
통계,기본 통계,일반상품,금,개별종목 시세 추이,,16202
통계,기본 통계,일반상품,금,전종목 기본정보,,16203
통계,기본 통계,일반상품,금,개별종목 종합정보,,16204
통계,기본 통계,일반상품,금,투자자별 거래실적,,16205
통계,기본 통계,일반상품,금,협의대량거래실적 추이,,16206
통계,기본 통계,일반상품,금,국제금시세 동향,,16207
통계,기본 통계,일반상품,배출권,전종목 시세,,16301
통계,기본 통계,일반상품,배출권,개별종목 시세 추이,,16302
통계,기본 통계,일반상품,배출권,전종목 기본정보,,16303
통계,기본 통계,일반상품,배출권,개별종목 종합정보,,16304
통계,기본 통계,일반상품,배출권,협의매매 거래실적 추이,,16305
통계,기본 통계,해외연계시장,EUREX,전종목 시세,,17101
통계,기본 통계,해외연계시장,EUREX,개별종목 시세 추이,,17102
통계,기본 통계,해외연계시장,EUREX,장개시전협의거래실적 추이,,17103
통계,기본 통계,해외연계시장,EUREX,권리유형별 거래실적 추이,,17104
통계,기본 통계,해외연계시장,EUREX,권리유형별 거래실적 추이(월),,17105
통계,기본 통계,해외연계시장,EUREX,만기별 가격표(옵션),,17106
통계,기본 통계,해외연계시장,EUREX,주요통계 추이,,17107
통계,기본 통계,해외연계시장,EUREX,EURO STOXX 50 시세 추이,,17108
통계,기본 통계,해외연계시장,동경거래소 시세,개별종목 종합정보,,17109
통계,기본 통계,파생결합증권,청약·매매 가능 상품,오늘 청약·매매 가능 상품 조회,,18001
통계,기본 통계,파생결합증권,청약·매매 가능 상품,무지개매트릭스 좌표별 상품 보기,,18002
통계,기본 통계,파생결합증권,청약·매매 가능 상품,내게 맞는 상품 찾기,,18003
통계,기본 통계,파생결합증권,청약·매매 가능 상품,개별종목 종합정보(KID),,18004
통계,기본 통계,파생결합증권,발행·상환종목,발행종목,발행종목,18005
통계,기본 통계,파생결합증권,발행·상환종목,발행종목,발행종목 공정가치 및 종합정보(KID),18006
통계,기본 통계,파생결합증권,발행·상환종목,상환종목,상환종목,18007
통계,기본 통계,파생결합증권,발행·상환종목,상환종목,상환종목 공정가치 및 종합정보(KID),18008
통계,기본 통계,파생결합증권,파생결합증권 소개,파생결합증권이란,,18009
통계,기본 통계,파생결합증권,파생결합증권 소개,증권유형 및 위험지표,,18010
통계,기본 통계,파생결합증권,파생결합증권 소개,무지개매트릭스,,18011
통계,기본 통계,파생결합증권,파생결합증권 소개,관련 용어 정리,,18012
통계,기본 통계,파생결합증권,관련기관 소개,발행기관 및 판매사,,18013
통계,기본 통계,파생결합증권,관련기관 소개,유관기관,,18014
통계,이슈 통계,IPO 관련 통계,신규상장종목 현황,,,20001
통계,이슈 통계,IPO 관련 통계,상장이후 최고/최저가,,,20002
통계,이슈 통계,IPO 관련 통계,공모가대비 등락률,,,20003
통계,이슈 통계,IPO 관련 통계,코스닥상장기업의 주관사별 IPO 현황,공모가 대비 주가수익률,,20043
통계,이슈 통계,IPO 관련 통계,코스닥상장기업의 주관사별 IPO 현황,주가수익률 상·하위 10개종목,,20044
통계,이슈 통계,IPO 관련 통계,코스닥상장기업의 주관사별 IPO 현황,주관사별 주가수익률 비교,,20045
통계,이슈 통계,IPO 관련 통계,코스닥상장기업의 주관사별 IPO 현황,주관사별 부실기업 발생 현황,,20046
통계,이슈 통계,자사주취득/처분,자사주취득/처분종목 현황,,,20004
통계,이슈 통계,자사주취득/처분,자사주취득/처분 내역(개별종목),,,20005
통계,이슈 통계,자사주취득/처분,공시일전후 등락률,,,20006
통계,이슈 통계,배당종목,배당종목 현황,,,20007
통계,이슈 통계,기업집단,기업집단별 현황,,,20008
통계,이슈 통계,기업집단,기업집단별 기업 현황,,,20009
통계,이슈 통계,매매거래정지종목,매매거래정지종목 현황,,,20010
통계,이슈 통계,매매거래정지종목,매매거래정지 내역(개별종목),,,20011
통계,이슈 통계,관리종목,관리종목 현황,,,20012
통계,이슈 통계,관리종목,관리종목 지정 내역(개별종목),,,20013
통계,이슈 통계,관리종목,지정일전후 등락률,,,20014
통계,이슈 통계,투자주의환기종목,투자주의환기종목(코) 현황,,,20015
통계,이슈 통계,투자주의환기종목,투자주의환기종목(코) 지정 내역(개별종목),,,20016
통계,이슈 통계,투자주의환기종목,지정일전후 등락률,,,20017
통계,이슈 통계,불성실공시법인,불성실공시법인 현황,,,20018
통계,이슈 통계,불성실공시법인,불성실공시법인 지정 내역(개별종목),,,20019
통계,이슈 통계,불성실공시법인,지정일전후 등락률,,,20020
통계,이슈 통계,초저유동성종목,초저유동성종목 현황,,,20021
통계,이슈 통계,상장주식수 부족종목,상장주식수 부족 우선주 현황,,,20022
통계,이슈 통계,변동성완화장치 발동종목,변동성완화장치 발동종목 현황,,,20023
통계,이슈 통계,단기과열종목,단기과열종목 현황,,,20024
통계,이슈 통계,단기과열종목,단기과열종목 지정 내역(개별종목),,,20025
통계,이슈 통계,단기과열종목,지정일전후 등락률,,,20026
통계,이슈 통계,시장경보종목,투자주의종목,투자주의종목 현황,,20027
통계,이슈 통계,시장경보종목,투자주의종목,투자주의종목 지정 내역(개별종목),,20028
통계,이슈 통계,시장경보종목,투자주의종목,지정일전후 등락률,,20029
통계,이슈 통계,시장경보종목,투자경고종목,투자경고종목 현황,,20030
통계,이슈 통계,시장경보종목,투자경고종목,투자경고종목 지정 내역(개별종목),,20031
통계,이슈 통계,시장경보종목,투자경고종목,지정일전후 등락률,,20032
통계,이슈 통계,시장경보종목,투자위험종목,투자위험종목 현황,,20033
통계,이슈 통계,시장경보종목,투자위험종목,투자위험종목 지정 내역(개별종목),,20034
통계,이슈 통계,시장경보종목,투자위험종목,지정일전후 등락률,,20035
통계,이슈 통계,정리매매종목,정리매매종목 현황,,,20036
통계,이슈 통계,상장폐지종목,상장폐지종목 현황,,,20037
통계,이슈 통계,상장폐지종목,상장폐지종목 시세 추이,,,20038
통계,이슈 통계,주식 시장조성자 관련통계,종목별 주식 시장조성자 및 ETF LP 계약 현황,,,20039
통계,이슈 통계,주식 시장조성자 관련통계,분기별 의무이행 현황,,,20040
통계,이슈 통계,주식 시장조성자 관련통계,주식 시장조성자 거래규모,,,20041
통계,이슈 통계,파생 시장조성자 관련통계,시장조성계약 현황,,,20047
통계,이슈 통계,파생 시장조성자 관련통계,시장조성자 파생상품시장 거래규모,,,20048
통계,이슈 통계,파생 시장조성자 관련통계,시장조성자 증권시장 거래규모,,,20049
통계,공매도 통계,공매도 종합정보,개별종목 공매도 종합정보,,,31001
통계,공매도 통계,공매도 거래,개별종목 공매도 거래,,,32001
통계,공매도 통계,공매도 거래,개별업종 공매도 거래,,,32002
통계,공매도 통계,공매도 거래,투자자별 공매도 거래,,,32003
통계,공매도 통계,공매도 거래,공매도 거래 상위 50종목,,,32004
통계,공매도 통계,공매도 거래,시장별 공매도 예외거래,,,32005
통계,공매도 통계,공매도 순보유잔고,개별종목 공매도 순보유잔고,,,33001
통계,공매도 통계,공매도 순보유잔고,개별업종 공매도 순보유잔고,,,33002
통계,공매도 통계,공매도 순보유잔고,공매도 순보유잔고 대량보유자,,,33003
통계,공매도 통계,공매도 순보유잔고,공매도 순보유잔고 상위 50종목,,,33004
통계,공매도 통계,공매도 과열,공매도 과열종목,,,34001
통계,공매도 통계,공매도 과열,공매도 과열종목 지정기준,,,34002
통계,공매도 통계,대차 정보,대차거래 추이,,,
통계,공매도 통계,대차 정보,업종별 대차거래 추이,,,
통계,공매도 통계,대차 정보,참여자별 대차거래 내역,,,
통계,공매도 통계,대차 정보,대차거래 상위 10종목,,,
통계,공매도 통계,공매도 제도,공매도 의의,,,35001
통계,공매도 통계,공매도 제도,공매도 관리제도,결제불이행 방지를 위한 관리방안,,35002
통계,공매도 통계,공매도 제도,공매도 관리제도,시장불안 방지를 위한 관리방안,,35003
통계,공매도 통계,공매도 제도,공매도 관리제도,투명성 강화를 위한 관리방안,,35004
통계,공매도 통계,공매도 제도,공매도 규제연혁,,,35005
통계,공매도 통계,공매도 제도,공매도 법령체계,,,35006
통계,공매도 통계,공매도 제도,Q&A,,,35007
통계,통계DB 정보,,,,,
통계,정보데이터 종합사전,,,,,
쉽게 보는 통계,주요 통계,지수,주가지수 월별 추이,,,41001
쉽게 보는 통계,주요 통계,주식,종합정보(일),,,42001
쉽게 보는 통계,주요 통계,주식,주요통계 추이,,,42002
쉽게 보는 통계,주요 통계,주식,신규상장 추이(월),,,42003
쉽게 보는 통계,주요 통계,주식,신규상장 유형별 추이(연),,,42004
쉽게 보는 통계,주요 통계,주식,상장종목 주요기록,,,42005
쉽게 보는 통계,주요 통계,증권상품,종합정보(일),,,43001
쉽게 보는 통계,주요 통계,증권상품,주요통계 추이,,,43002
쉽게 보는 통계,주요 통계,채권,종합정보(일),,,44001
쉽게 보는 통계,주요 통계,채권,주요통계 추이,,,44002
쉽게 보는 통계,주요 통계,파생상품,종합정보(일),,,45001
쉽게 보는 통계,주요 통계,파생상품,주요통계 추이,,,45002
쉽게 보는 통계,주요 통계,일반상품,종합정보(일),,,46001
쉽게 보는 통계,주요 통계,일반상품,주요통계 추이,,,46002
쉽게 보는 통계,순위 통계,주식,주가등락률 상·하위 50종목,,,52001
쉽게 보는 통계,순위 통계,주식,거래 상·하위 50종목,,,52002
쉽게 보는 통계,순위 통계,주식,시가총액 상·하위 50종목,,,52003
쉽게 보는 통계,순위 통계,주식,상·하한가 종목,,,52004
쉽게 보는 통계,순위 통계,주식,환산주가 상위 50종목,,,52005
쉽게 보는 통계,순위 통계,주식,회전율 상위 50종목,,,52006
쉽게 보는 통계,순위 통계,주식,외국인보유 상위 50종목,,,52007
쉽게 보는 통계,순위 통계,증권상품,주가등락률 상·하위 50종목,,,53001
쉽게 보는 통계,순위 통계,증권상품,거래 상·하위 50종목,,,53002
쉽게 보는 통계,순위 통계,증권상품,가치총액 상·하위 50종목,,,53003
쉽게 보는 통계,순위 통계,증권상품,ELW 내재변동성,LP별 내재변동성의 일관성 분포 현황,,53004
쉽게 보는 통계,순위 통계,증권상품,ELW 내재변동성,일중(패리티구간) 상위 종목,,53005
쉽게 보는 통계,순위 통계,증권상품,ELW 내재변동성,일중(기초자산) 상위 종목,,53006
쉽게 보는 통계,순위 통계,증권상품,ELW 내재변동성,전일(패리티구간) 상위 종목,,53007
쉽게 보는 통계,순위 통계,증권상품,ELW 내재변동성,전일(기초자산) 상위 종목,,53008
쉽게 보는 통계,순위 통계,증권상품,ELW 내재변동성,평균(패리티구간) 상위 종목,,53009
쉽게 보는 통계,순위 통계,증권상품,ELW 내재변동성,평균(기초자산) 상위 종목,,53010
쉽게 보는 통계,순위 통계,채권,수익률 상위 50종목,,,54001
쉽게 보는 통계,순위 통계,채권,거래 상위 50종목,,,54002
쉽게 보는 통계,순위 통계,파생상품,거래 상·하위 상품,,,55001
쉽게 보는 통계,순위 통계,파생상품,주식선물·옵션 거래 상·하위 상품,,,55002
쉽게 보는 통계,시각화 통계,"KRX시장, 이슈 발자취",KOSPI,,,
쉽게 보는 통계,시각화 통계,"KRX시장, 이슈 발자취",KOSDAQ,,,
쉽게 보는 통계,시각화 통계,숫자로 보는 KRX,지수,,,
쉽게 보는 통계,시각화 통계,숫자로 보는 KRX,주식,,,
쉽게 보는 통계,시각화 통계,숫자로 보는 KRX,파생상품,,,
쉽게 보는 통계,시각화 통계,숫자로 보는 KRX,타임머신,,,
쉽게 보는 통계,시각화 통계,지역상장현황,한눈에 보는 전국 현황판,지도차트로 보기,,
쉽게 보는 통계,시각화 통계,지역상장현황,한눈에 보는 전국 현황판,버블차트로 보기,,
쉽게 보는 통계,시각화 통계,지역상장현황,쪼개보는 지역 비교판,개별지역 현황,,
쉽게 보는 통계,시각화 통계,지역상장현황,쪼개보는 지역 비교판,지역비교 정보,,
쉽게 보는 통계,시각화 통계,주가지수 돋보기,주가지수 돋보기 상세화면,,,
쉽게 보는 통계,시각화 통계,증권상품 이모저모,ETF,,,
쉽게 보는 통계,시각화 통계,증권상품 이모저모,ETN,,,
쉽게 보는 통계,시각화 통계,한눈에 보는 코스닥 글로벌,코스닥 대비 상장·거래현황,,,
쉽게 보는 통계,시각화 통계,한눈에 보는 코스닥 글로벌,코스닥 대비 업종별 현황,,,
쉽게 보는 통계,시각화 통계,한눈에 보는 코스닥 글로벌,코스닥 대비 재무현황,,,
깊이 있는 통계,기업분석보고서,한국IR협의회 분석보고서,혁신성장품목 분석보고서,,,
깊이 있는 통계,기업분석보고서,한국IR협의회 분석보고서,기업분석보고서,,,
깊이 있는 통계,기업분석보고서,신규상장기업 분석보고서,,,,
깊이 있는 통계,기업분석보고서,코넥스 KRP 분석보고서,,,,
깊이 있는 통계,투자분석정보,가격정보,가격 유사도 분석,상위종목,,
깊이 있는 통계,투자분석정보,가격정보,가격 유사도 분석,차트,,
깊이 있는 통계,투자분석정보,가격정보,가격 유사도 분석,종목비교,,
깊이 있는 통계,투자분석정보,가격정보,수익률 상관관계,상위종목,,
깊이 있는 통계,투자분석정보,가격정보,수익률 상관관계,차트,,
깊이 있는 통계,투자분석정보,가격정보,수익률 상관관계,종목비교,,
깊이 있는 통계,투자분석정보,가격정보,상대가격 평균 회귀,상위종목,,
깊이 있는 통계,투자분석정보,가격정보,상대가격 평균 회귀,차트,,
깊이 있는 통계,투자분석정보,가격정보,상대가격 평균 회귀,종목비교,,
깊이 있는 통계,투자분석정보,가격정보,VWAP,VWAP,,
깊이 있는 통계,투자분석정보,가격정보,VWAP,VWAP-매수,,
깊이 있는 통계,투자분석정보,가격정보,VWAP,VWAP-매도,,
깊이 있는 통계,투자분석정보,가격정보,최우선매수(매도)호가 상승(하락) 비율,,,
깊이 있는 통계,투자분석정보,가격정보,체결가 상향(하향) 비율,,,
깊이 있는 통계,투자분석정보,가격정보,최종최우선매도(매수)호가 상승(하락) 비율,,,
깊이 있는 통계,투자분석정보,거래정보,거래빈도·거래규모,,,
깊이 있는 통계,투자분석정보,거래정보,수정 거래회전율,,,
깊이 있는 통계,투자분석정보,거래정보,거래대금·시가총액비율,,,
깊이 있는 통계,투자분석정보,거래정보,매수·매도불균형,거래빈도,,
깊이 있는 통계,투자분석정보,거래정보,매수·매도불균형,거래량,,
깊이 있는 통계,투자분석정보,추세정보,모멘텀,,,
깊이 있는 통계,투자분석정보,추세정보,단기·장기반전,단기반전,,
깊이 있는 통계,투자분석정보,추세정보,단기·장기반전,장기반전,,
깊이 있는 통계,투자분석정보,추세정보,맥클레란 오실레이터,,,
깊이 있는 통계,투자분석정보,추세정보,트린지수,,,
깊이 있는 통계,투자분석정보,추세정보,계절효과,,,
깊이 있는 통계,투자분석정보,추세정보,폭(Breadth),,,
깊이 있는 통계,투자분석정보,추세정보,코팍커브,,,
깊이 있는 통계,투자분석정보,기업정보,실적개선랭킹,실적개선(흑자전환 제외),,
깊이 있는 통계,투자분석정보,기업정보,실적개선랭킹,흑자전환,,
깊이 있는 통계,투자분석정보,기업정보,초과이익 지속성,,,
깊이 있는 통계,투자분석정보,기업정보,매출액이익 변동성,,,
깊이 있는 통계,투자분석정보,기업정보,총자산이익 변동성,,,
깊이 있는 통계,투자분석정보,기업정보,성장성 측정지표,,,
깊이 있는 통계,투자분석정보,기업정보,규모 측정지표,,,
깊이 있는 통계,투자분석정보,기업정보,수익성 측정지표,,,
깊이 있는 통계,투자분석정보,기업정보,잠재력 측정지표,잠재력 측정지표,,
깊이 있는 통계,투자분석정보,기업정보,잠재력 측정지표,차트,,
깊이 있는 통계,투자분석정보,참고정보,Treemap,,,
깊이 있는 통계,투자분석정보,참고정보,이벤트 효과분석,,,
깊이 있는 통계,투자분석정보,참고정보,기업 주요 변동사항,,,
깊이 있는 통계,투자분석정보,참고정보,종목별 시장경보 지정 정보,,,
깊이 있는 통계,투자분석정보,참고정보,샤프비율,,,
깊이 있는 통계,투자분석정보,참고정보,투자심리선,,,
깊이 있는 통계,투자분석정보,참고정보,종목별 외국인 국적 분류,,,
깊이 있는 통계,ESG 정보,,,,,
깊이 있는 통계,이용안내,분석보고서 소개,,,,
깊이 있는 통계,이용안내,투자분석정보 소개,,,,
간행물,시장동향,지수,INSIDE KRX INDICES,,,
간행물,시장동향,지수,KRX 지수라인업,,,
간행물,시장동향,지수,KRX 지수성과 및 변동성,,,
간행물,시장동향,주식,KRX 증시 BRIEF,,,
간행물,시장동향,주식,KOSDAQ MARKET MONTHLY,,,
간행물,시장동향,주식,KONEX 일일시황,,,
간행물,시장동향,주식,KONEX 주간통계지표,,,
간행물,시장동향,주식,KONEX MARKET BRIEF,,,
간행물,시장동향,주식,공매도 데일리 BRIEF,,,
간행물,시장동향,증권상품,KRX ETF·ETN MONTHLY,,,
간행물,시장동향,파생상품,파생상품 연차보고서,,,
간행물,시장동향,일반상품,석유시장 월간동향,,,
간행물,시장동향,일반상품,금시장 월간동향,,,
간행물,발간자료,지수,지수소개,,,
간행물,발간자료,지수,지수산출방법,,,
간행물,발간자료,지수,KRX INDICES,,,
간행물,발간자료,주식,증권시장지,,,
간행물,발간자료,주식,통계월보,,,
간행물,발간자료,주식,KRX MARKET,,,
간행물,발간자료,주식,KONEX,,,
간행물,발간자료,주식,기타,,,
간행물,발간자료,파생상품,증권·파생상품연구센터,,,
데이터 상품,데이터 구입,데이터 구입 안내,구입안내,,,
데이터 상품,데이터 구입,데이터 구입 안내,구입절차,,,
데이터 상품,데이터 구입,선택형 데이터,지수,일별 시세정보,,
데이터 상품,데이터 구입,선택형 데이터,지수,일중 시세정보,,
데이터 상품,데이터 구입,선택형 데이터,지수,투자자별 거래실적,,
데이터 상품,데이터 구입,선택형 데이터,지수,회원사별 거래실적,,
데이터 상품,데이터 구입,선택형 데이터,주식,일별 시세정보,,
데이터 상품,데이터 구입,선택형 데이터,주식,일중 시세정보,,
데이터 상품,데이터 구입,선택형 데이터,주식,투자자별 거래실적,,
데이터 상품,데이터 구입,선택형 데이터,주식,회원사별 거래실적,,
데이터 상품,데이터 구입,선택형 데이터,주식,신주인수권증서(권) 매매정보,,
데이터 상품,데이터 구입,선택형 데이터,주식,호가장,,
데이터 상품,데이터 구입,선택형 데이터,주식,체결장,,
데이터 상품,데이터 구입,선택형 데이터,주식,공매도,,
데이터 상품,데이터 구입,선택형 데이터,증권상품,일별 매매정보,,
데이터 상품,데이터 구입,선택형 데이터,증권상품,일중 매매정보,,
데이터 상품,데이터 구입,선택형 데이터,증권상품,투자자별 거래실적,,
데이터 상품,데이터 구입,선택형 데이터,증권상품,회원사별 거래실적,,
데이터 상품,데이터 구입,선택형 데이터,증권상품,회원사별 LP 거래실적,,
데이터 상품,데이터 구입,선택형 데이터,증권상품,호가장,,
데이터 상품,데이터 구입,선택형 데이터,증권상품,체결장,,
데이터 상품,데이터 구입,선택형 데이터,증권상품,공매도,,
데이터 상품,데이터 구입,선택형 데이터,채권,유통시장정보,,
데이터 상품,데이터 구입,선택형 데이터,채권,발행시장정보,,
데이터 상품,데이터 구입,선택형 데이터,채권,호가장,,
데이터 상품,데이터 구입,선택형 데이터,채권,체결장,,
데이터 상품,데이터 구입,선택형 데이터,파생상품(선물),일별 매매정보,,
데이터 상품,데이터 구입,선택형 데이터,파생상품(선물),일중 매매정보,,
데이터 상품,데이터 구입,선택형 데이터,파생상품(선물),투자자별 거래실적,,
데이터 상품,데이터 구입,선택형 데이터,파생상품(선물),호가장,,
데이터 상품,데이터 구입,선택형 데이터,파생상품(선물),체결장,,
데이터 상품,데이터 구입,선택형 데이터,파생상품(옵션),일별 매매정보,,
데이터 상품,데이터 구입,선택형 데이터,파생상품(옵션),일중 매매정보,,
데이터 상품,데이터 구입,선택형 데이터,파생상품(옵션),투자자별 거래실적,,
데이터 상품,데이터 구입,선택형 데이터,파생상품(옵션),호가장,,
데이터 상품,데이터 구입,선택형 데이터,파생상품(옵션),체결장,,
데이터 상품,데이터 구입,선택형 데이터,일반상품,일별 매매정보,,
데이터 상품,데이터 구입,선택형 데이터,일반상품,투자자별 거래실적,,
데이터 상품,데이터 구입,선택형 데이터,기타,과거 지수구성종목,,
데이터 상품,데이터 구입,선택형 데이터,기타,표준화공시,,
데이터 상품,데이터 구입,비정형 데이터,,,,
데이터 상품,데이터 구입,구독형 데이터,지수,일별 시세정보,,
데이터 상품,데이터 구입,구독형 데이터,지수,투자자별 거래실적,,
데이터 상품,데이터 구입,구독형 데이터,지수,회원사별 거래실적,,
데이터 상품,데이터 구입,구독형 데이터,주식,일별 매매정보,,
데이터 상품,데이터 구입,구독형 데이터,주식,투자자별 거래실적,,
데이터 상품,데이터 구입,구독형 데이터,주식,회원사별 거래실적,,
데이터 상품,데이터 구입,구독형 데이터,주식,신주인수권증서(권) 매매정보,,
데이터 상품,데이터 구입,구독형 데이터,주식,호가장,,
데이터 상품,데이터 구입,구독형 데이터,주식,체결장,,
데이터 상품,데이터 구입,구독형 데이터,주식,공매도,,
데이터 상품,데이터 구입,구독형 데이터,증권상품,일별 매매정보,,
데이터 상품,데이터 구입,구독형 데이터,증권상품,투자자별 거래실적,,
데이터 상품,데이터 구입,구독형 데이터,증권상품,회원사별 거래실적,,
데이터 상품,데이터 구입,구독형 데이터,증권상품,회원사별 LP 거래실적,,
데이터 상품,데이터 구입,구독형 데이터,증권상품,호가장,,
데이터 상품,데이터 구입,구독형 데이터,증권상품,체결장,,
데이터 상품,데이터 구입,구독형 데이터,증권상품,공매도,,
데이터 상품,데이터 구입,구독형 데이터,채권,유통시장정보,,
데이터 상품,데이터 구입,구독형 데이터,채권,호가장,,
데이터 상품,데이터 구입,구독형 데이터,채권,체결장,,
데이터 상품,데이터 구입,구독형 데이터,파생상품(선물),일별 매매정보,,
데이터 상품,데이터 구입,구독형 데이터,파생상품(선물),투자자별 거래실적,,
데이터 상품,데이터 구입,구독형 데이터,파생상품(선물),호가장,,
데이터 상품,데이터 구입,구독형 데이터,파생상품(선물),체결장,,
데이터 상품,데이터 구입,구독형 데이터,파생상품(옵션),일별 매매정보,,
데이터 상품,데이터 구입,구독형 데이터,파생상품(옵션),투자자별 거래실적,,
데이터 상품,데이터 구입,구독형 데이터,파생상품(옵션),호가장,,
데이터 상품,데이터 구입,구독형 데이터,파생상품(옵션),체결장,,
데이터 상품,데이터 구입,구독형 데이터,일반상품,일별 매매정보,,
데이터 상품,데이터 구입,구독형 데이터,일반상품,투자자별 거래실적,,
데이터 상품,데이터 구입,장바구니,,,,
데이터 상품,데이터 분배,데이터 분배상품,,,,
데이터 상품,데이터 분배,데이터 수신방법,,,,
데이터 상품,데이터 분배,데이터 라이센스,,,,
데이터 상품,지수 라이센스,,,,,
